variavel,correlacao_com_preco_usado
pontuacao_3dmark,0.9216668747039818
vram_gb,0.8379071086088864
consumo_w,0.8325535441077618
preco_varejo_usd,0.8155521591811051
preco_por_ponto_3dmark,0.36008590853583494
